{
  "results": [
    {
      "command": "./zig_classic.out",
      "mean": 5.668157086740001,
      "stddev": 0.02712971321880255,
      "median": 5.6732978237400005,
      "user": 2.90775484,
      "system": 2.76008706,
      "min": 5.62724786574,
      "max": 5.710619089740001,
      "times": [
        5.656070600740001,
        5.69129670574,
        5.684661058740001,
        5.68410540274,
        5.65114345274,
        5.62724786574,
        5.665293220740001,
        5.62983104374,
        5.68130242674,
        5.710619089740001
      ],
      "exit_codes": [
        0,
        0,
        0,
        0,
        0,
        0,
        0,
        0,
        0,
        0
      ]
    },
    {
      "command": "./gcc_classic.out",
      "mean": 4.09988353734,
      "stddev": 0.058089511092937675,
      "median": 4.07757169174,
      "user": 1.55444334,
      "system": 2.5451435599999996,
      "min": 4.048072176740001,
      "max": 4.24773887274,
      "times": [
        4.09544909674,
        4.24773887274,
        4.1459946727400006,
        4.0956287087400005,
        4.069461379740001,
        4.08130546974,
        4.06918605374,
        4.07383791374,
        4.07216102874,
        4.048072176740001
      ],
      "exit_codes": [
        0,
        0,
        0,
        0,
        0,
        0,
        0,
        0,
        0,
        0
      ]
    },
    {
      "command": "./clang_classic.out",
      "mean": 4.0874099290400006,
      "stddev": 0.041621752567810796,
      "median": 4.076933325240001,
      "user": 1.5490723400000002,
      "system": 2.53799816,
      "min": 4.045273213740001,
      "max": 4.19749376774,
      "times": [
        4.07176581774,
        4.045273213740001,
        4.07832538274,
        4.19749376774,
        4.06173549774,
        4.07554126774,
        4.10522329774,
        4.081326987740001,
        4.0843758157400005,
        4.073038241740001
      ],
      "exit_codes": [
        0,
        0,
        0,
        0,
        0,
        0,
        0,
        0,
        0,
        0
      ]
    },
    {
      "command": "./zig_array.out",
      "mean": 5.669826547640001,
      "stddev": 0.01464716044128231,
      "median": 5.668125645240001,
      "user": 2.87193404,
      "system": 2.79751476,
      "min": 5.649220569740001,
      "max": 5.699443710740001,
      "times": [
        5.699443710740001,
        5.665447757740001,
        5.664226983740001,
        5.68364815274,
        5.653731161740001,
        5.67781445674,
        5.671827753740001,
        5.662101396740001,
        5.670803532740001,
        5.649220569740001
      ],
      "exit_codes": [
        0,
        0,
        0,
        0,
        0,
        0,
        0,
        0,
        0,
        0
      ]
    },
    {
      "command": "./gcc_array.out",
      "mean": 4.1451255194400005,
      "stddev": 0.0714315075961794,
      "median": 4.14787670524,
      "user": 1.5384275399999998,
      "system": 2.60460156,
      "min": 4.03861238274,
      "max": 4.25877455074,
      "times": [
        4.03861238274,
        4.12982651174,
        4.23265550474,
        4.1004090277400005,
        4.080581560740001,
        4.17663879174,
        4.16592689874,
        4.25877455074,
        4.188333778740001,
        4.07949618674
      ],
      "exit_codes": [
        0,
        0,
        0,
        0,
        0,
        0,
        0,
        0,
        0,
        0
      ]
    },
    {
      "command": "./clang_array.out",
      "mean": 4.1911877973400005,
      "stddev": 0.0636949135354846,
      "median": 4.18633292624,
      "user": 1.5182474400000001,
      "system": 2.67251096,
      "min": 4.098062763740001,
      "max": 4.29458917274,
      "times": [
        4.12804292774,
        4.24962347774,
        4.18236156874,
        4.1204049757400005,
        4.17524417474,
        4.098062763740001,
        4.2248839587400004,
        4.24836066974,
        4.29458917274,
        4.190304283740001
      ],
      "exit_codes": [
        0,
        0,
        0,
        0,
        0,
        0,
        0,
        0,
        0,
        0
      ]
    }
  ]
}
