{
  "results": [
    {
      "command": "./zig_classic.out",
      "mean": 5.29517538614,
      "stddev": 0.06990598058071289,
      "median": 5.254464778940001,
      "user": 2.41304948,
      "system": 2.8818341199999997,
      "min": 5.22575730394,
      "max": 5.42085070194,
      "times": [
        5.2556421889400005,
        5.38638359794,
        5.316775503940001,
        5.23622420194,
        5.25242758994,
        5.253287368940001,
        5.22575730394,
        5.24805431894,
        5.42085070194,
        5.35635108494
      ],
      "exit_codes": [
        0,
        0,
        0,
        0,
        0,
        0,
        0,
        0,
        0,
        0
      ]
    },
    {
      "command": "./gcc_classic.out",
      "mean": 4.19145555604,
      "stddev": 0.11359825364052682,
      "median": 4.17612100944,
      "user": 1.5698468799999996,
      "system": 2.6214002199999995,
      "min": 4.0744388239400005,
      "max": 4.45586111394,
      "times": [
        4.45586111394,
        4.27762461094,
        4.199602880940001,
        4.18227013894,
        4.0744388239400005,
        4.2341369459400005,
        4.16997187994,
        4.134246939940001,
        4.10020294494,
        4.08619928094
      ],
      "exit_codes": [
        0,
        0,
        0,
        0,
        0,
        0,
        0,
        0,
        0,
        0
      ]
    },
    {
      "command": "./clang_classic.out",
      "mean": 4.043261971840001,
      "stddev": 0.04583148753555508,
      "median": 4.0413889139400005,
      "user": 1.4470167799999998,
      "system": 2.5959631199999995,
      "min": 3.9759024109400003,
      "max": 4.11462256294,
      "times": [
        4.01232393294,
        4.00991165794,
        3.9759024109400003,
        3.9997141649400003,
        4.0426697139400005,
        4.11462256294,
        4.040108113940001,
        4.05514453094,
        4.07410170594,
        4.1081209239400005
      ],
      "exit_codes": [
        0,
        0,
        0,
        0,
        0,
        0,
        0,
        0,
        0,
        0
      ]
    },
    {
      "command": "./zig_array.out",
      "mean": 5.31231481194,
      "stddev": 0.18315778830406293,
      "median": 5.26933863044,
      "user": 2.46583218,
      "system": 2.8461067199999994,
      "min": 5.15485440994,
      "max": 5.78976286294,
      "times": [
        5.23605614294,
        5.21749265894,
        5.16604452294,
        5.15485440994,
        5.78976286294,
        5.25687207194,
        5.31530210094,
        5.28180518894,
        5.405999828940001,
        5.298958330940001
      ],
      "exit_codes": [
        0,
        0,
        0,
        0,
        0,
        0,
        0,
        0,
        0,
        0
      ]
    },
    {
      "command": "./gcc_array.out",
      "mean": 4.0804374586400005,
      "stddev": 0.060979770311529846,
      "median": 4.07162618194,
      "user": 1.4631016799999998,
      "system": 2.6170967199999997,
      "min": 4.01137214194,
      "max": 4.18219975894,
      "times": [
        4.18219975894,
        4.12996993794,
        4.050609364940001,
        4.01292629194,
        4.13143425194,
        4.05270704294,
        4.0905453209400005,
        4.12962185494,
        4.01298861994,
        4.01137214194
      ],
      "exit_codes": [
        0,
        0,
        0,
        0,
        0,
        0,
        0,
        0,
        0,
        0
      ]
    },
    {
      "command": "./clang_array.out",
      "mean": 3.9730488106400004,
      "stddev": 0.025794976352436008,
      "median": 3.9696082984400003,
      "user": 1.41461718,
      "system": 2.5581115199999998,
      "min": 3.93461847994,
      "max": 4.03343974894,
      "times": [
        3.96765955594,
        3.98887914194,
        4.03343974894,
        3.97593358594,
        3.9789106059400003,
        3.93461847994,
        3.9715570409400005,
        3.9629543189400005,
        3.95899774694,
        3.9575378809400004
      ],
      "exit_codes": [
        0,
        0,
        0,
        0,
        0,
        0,
        0,
        0,
        0,
        0
      ]
    }
  ]
}
